{
  "_fv": 24,
  "_type": "rangeditem",
  "definition": {
    "renderType": 0,
    "texture": "pistol",
    "customModelName": "Normal",
    "name": "Pistol",
    "specialInfo": [],
    "creativeTab": {
      "value": "COMBAT"
    },
    "stackSize": 1,
    "ammoItem": {
      "value": "CUSTOM:Ammo"
    },
    "shootConstantly": false,
    "usageCount": 100,
    "actionSound": {
      "value": "CUSTOM:item.gun.fired"
    },
    "hasGlow": false,
    "animation": "none",
    "enableMeleeDamage": false,
    "damageVsEntity": 10.0,
    "bulletPower": 11.0,
    "bulletDamage": 10.0,
    "bulletKnockback": 0,
    "bulletParticles": false,
    "bulletIgnitesFire": false,
    "bulletItemTexture": {
      "value": "CUSTOM:Ammo"
    },
    "bulletModel": "Default",
    "customBulletModelTexture": ""
  }
}